<?xml version="1.0" encoding="UTF-8"?>
<project-private xmlns="http://www.netbeans.org/ns/project-private/1">
    <editor-bookmarks xmlns="http://www.netbeans.org/ns/editor-bookmarks/2" lastBookmarkId="0"/>
    <open-files xmlns="http://www.netbeans.org/ns/projectui-open-files/2">
        <group>
            <file>file:/C:/Users/Dell/Documents/NetBeansProjects/BRAINO/src/braino/PlayersStorage.java</file>
            <file>file:/C:/Users/Dell/Documents/NetBeansProjects/BRAINO/src/braino/Game.java</file>
            <file>file:/C:/Users/Dell/Documents/NetBeansProjects/BRAINO/src/braino/CountOne.java</file>
            <file>file:/C:/Users/Dell/Documents/NetBeansProjects/BRAINO/src/braino/ActualGame.java</file>
            <file>file:/C:/Users/Dell/Documents/NetBeansProjects/BRAINO/src/braino/SignUp.java</file>
            <file>file:/C:/Users/Dell/Documents/NetBeansProjects/BRAINO/test/braino/ActualGameIT.java</file>
            <file>file:/C:/Users/Dell/Documents/NetBeansProjects/BRAINO/src/braino/BRAINO.java</file>
            <file>file:/C:/Users/Dell/Documents/NetBeansProjects/BRAINO/src/braino/Login.java</file>
            <file>file:/C:/Users/Dell/Documents/NetBeansProjects/BRAINO/src/braino/PlayerInfoFrame.java</file>
            <file>file:/C:/Users/Dell/Documents/NetBeansProjects/BRAINO/src/braino/GameOver.png</file>
            <file>file:/C:/Users/Dell/Documents/NetBeansProjects/BRAINO/src/braino/PlayerInfo.java</file>
            <file>file:/C:/Users/Dell/Documents/NetBeansProjects/BRAINO/test/braino/PlayersStorageIT.java</file>
            <file>file:/C:/Users/Dell/Documents/NetBeansProjects/BRAINO/src/braino/RangeSelection.java</file>
            <file>file:/C:/Users/Dell/Documents/NetBeansProjects/BRAINO/src/braino/GameOver.java</file>
            <file>file:/C:/Users/Dell/Documents/NetBeansProjects/BRAINO/src/braino/GameHome.java</file>
        </group>
    </open-files>
</project-private>
